1490041967979,-360,'{"status": "OK", "notificationRequest": {"repeat": 1, "name": "Start Day", "response_option": {"cancel": false, "delay": false, "ok": true}, "priority": 0, "datasource": {"platform": {"type": "PHONE"}, "persistent": true}, "duration": 3600000000, "message": ["Start Day", "Please start the Day", "Start"], "type": "MESSAGE", "id": "PHONE_MESSAGE_START_DAY"}}'
1490044960262,-360,'{"status": "OK", "notificationRequest": {"repeat": 1, "name": "Phone Message (EMA)", "response_option": {"cancel": true, "delay": true, "ok": true}, "priority": 0, "response_action": {"repeat": 1, "name": "Phone Message (EMA)", "response_option": {"cancel": false, "delay": false, "ok": true}, "priority": 0, "datasource": {"platform": {"type": "PHONE"}, "persistent": true}, "duration": 6000000, "message": ["Survey delayed for 10 minutes", "Please click \"Start\" when you are ready", "Start", "Cancel"], "type": "MESSAGE", "id": "DELAY"}, "datasource": {"platform": {"type": "PHONE"}, "persistent": true}, "duration": 600000, "message": ["Survey", "Time to take a Survey", "OK", "Cancel", "Delay 10 Minutes"], "type": "MESSAGE", "id": "PHONE_MESSAGE_DELAY_EMA"}}'
1490060996609,-360,'{"status": "OK", "notificationRequest": {"repeat": 1, "name": "Phone Message (EMA)", "response_option": {"cancel": true, "delay": true, "ok": true}, "priority": 0, "response_action": {"repeat": 1, "name": "Phone Message (EMA)", "response_option": {"cancel": false, "delay": false, "ok": true}, "priority": 0, "datasource": {"platform": {"type": "PHONE"}, "persistent": true}, "duration": 6000000, "message": ["Survey delayed for 10 minutes", "Please click \"Start\" when you are ready", "Start", "Cancel"], "type": "MESSAGE", "id": "DELAY"}, "datasource": {"platform": {"type": "PHONE"}, "persistent": true}, "duration": 600000, "message": ["Survey", "Time to take a Survey", "OK", "Cancel", "Delay 10 Minutes"], "type": "MESSAGE", "id": "PHONE_MESSAGE_DELAY_EMA"}}'
1490061951000,-360,'{"status": "OK", "notificationRequest": {"repeat": 1, "name": "Phone Message (EMA)", "response_option": {"cancel": true, "delay": true, "ok": true}, "priority": 0, "response_action": {"repeat": 1, "name": "Phone Message (EMA)", "response_option": {"cancel": false, "delay": false, "ok": true}, "priority": 0, "datasource": {"platform": {"type": "PHONE"}, "persistent": true}, "duration": 6000000, "message": ["Survey delayed for 10 minutes", "Please click \"Start\" when you are ready", "Start", "Cancel"], "type": "MESSAGE", "id": "DELAY"}, "datasource": {"platform": {"type": "PHONE"}, "persistent": true}, "duration": 600000, "message": ["Survey", "Time to take a Survey", "OK", "Cancel", "Delay 10 Minutes"], "type": "MESSAGE", "id": "PHONE_MESSAGE_DELAY_EMA"}}'
1490069141842,-360,'{"status": "OK", "notificationRequest": {"repeat": 1, "name": "Phone Message (EMA)", "response_option": {"cancel": true, "delay": true, "ok": true}, "priority": 0, "response_action": {"repeat": 1, "name": "Phone Message (EMA)", "response_option": {"cancel": false, "delay": false, "ok": true}, "priority": 0, "datasource": {"platform": {"type": "PHONE"}, "persistent": true}, "duration": 6000000, "message": ["Survey delayed", "Please click \"Start\" when you are ready", "Start", "Cancel"], "type": "MESSAGE", "id": "DELAY"}, "datasource": {"platform": {"type": "PHONE"}, "persistent": true}, "duration": 600000, "message": ["Survey", "Time to take a Survey", "OK", "Cancel", "Delay"], "type": "MESSAGE", "id": "PHONE_MESSAGE_DELAY_EMA_15_30_60_120"}}'
1490078525371,-360,'{"status": "OK", "notificationRequest": {"repeat": 1, "name": "Phone Message (EMA)", "response_option": {"cancel": true, "delay": true, "ok": true}, "priority": 0, "response_action": {"repeat": 1, "name": "Phone Message (EMA)", "response_option": {"cancel": false, "delay": false, "ok": true}, "priority": 0, "datasource": {"platform": {"type": "PHONE"}, "persistent": true}, "duration": 6000000, "message": ["Survey delayed for 10 minutes", "Please click \"Start\" when you are ready", "Start", "Cancel"], "type": "MESSAGE", "id": "DELAY"}, "datasource": {"platform": {"type": "PHONE"}, "persistent": true}, "duration": 600000, "message": ["Survey", "Time to take a Survey", "OK", "Cancel", "Delay 10 Minutes"], "type": "MESSAGE", "id": "PHONE_MESSAGE_DELAY_EMA"}}'
1490113891992,-360,'{"status": "OK", "notificationRequest": {"repeat": 1, "name": "Start Day", "response_option": {"cancel": false, "delay": false, "ok": true}, "priority": 0, "datasource": {"platform": {"type": "PHONE"}, "persistent": true}, "duration": 3600000000, "message": ["Start Day", "Please start the Day", "Start"], "type": "MESSAGE", "id": "PHONE_MESSAGE_START_DAY"}}'
1490121333591,-360,'{"status": "TIMEOUT", "notificationRequest": {"repeat": 1, "name": "Phone Message (EMA)", "response_option": {"cancel": true, "delay": true, "ok": true}, "priority": 0, "response_action": {"repeat": 1, "name": "Phone Message (EMA)", "response_option": {"cancel": false, "delay": false, "ok": true}, "priority": 0, "datasource": {"platform": {"type": "PHONE"}, "persistent": true}, "duration": 6000000, "message": ["Survey delayed for 10 minutes", "Please click \"Start\" when you are ready", "Start", "Cancel"], "type": "MESSAGE", "id": "DELAY"}, "datasource": {"platform": {"type": "PHONE"}, "persistent": true}, "duration": 600000, "message": ["Survey", "Time to take a Survey", "OK", "Cancel", "Delay 10 Minutes"], "type": "MESSAGE", "id": "PHONE_MESSAGE_DELAY_EMA"}}'
1490131832998,-360,'{"status": "TIMEOUT", "notificationRequest": {"repeat": 1, "name": "Phone Message (EMA)", "response_option": {"cancel": true, "delay": true, "ok": true}, "priority": 0, "response_action": {"repeat": 1, "name": "Phone Message (EMA)", "response_option": {"cancel": false, "delay": false, "ok": true}, "priority": 0, "datasource": {"platform": {"type": "PHONE"}, "persistent": true}, "duration": 6000000, "message": ["Survey delayed for 10 minutes", "Please click \"Start\" when you are ready", "Start", "Cancel"], "type": "MESSAGE", "id": "DELAY"}, "datasource": {"platform": {"type": "PHONE"}, "persistent": true}, "duration": 600000, "message": ["Survey", "Time to take a Survey", "OK", "Cancel", "Delay 10 Minutes"], "type": "MESSAGE", "id": "PHONE_MESSAGE_DELAY_EMA"}}'
1490136785245,-360,'{"status": "OK", "notificationRequest": {"repeat": 1, "name": "Phone Message (EMA)", "response_option": {"cancel": true, "delay": true, "ok": true}, "priority": 0, "response_action": {"repeat": 1, "name": "Phone Message (EMA)", "response_option": {"cancel": false, "delay": false, "ok": true}, "priority": 0, "datasource": {"platform": {"type": "PHONE"}, "persistent": true}, "duration": 6000000, "message": ["Survey delayed for 10 minutes", "Please click \"Start\" when you are ready", "Start", "Cancel"], "type": "MESSAGE", "id": "DELAY"}, "datasource": {"platform": {"type": "PHONE"}, "persistent": true}, "duration": 600000, "message": ["Survey", "Time to take a Survey", "OK", "Cancel", "Delay 10 Minutes"], "type": "MESSAGE", "id": "PHONE_MESSAGE_DELAY_EMA"}}'
1490143377768,-360,'{"status": "OK", "notificationRequest": {"repeat": 1, "name": "Phone Message (EMA)", "response_option": {"cancel": true, "delay": true, "ok": true}, "priority": 0, "response_action": {"repeat": 1, "name": "Phone Message (EMA)", "response_option": {"cancel": false, "delay": false, "ok": true}, "priority": 0, "datasource": {"platform": {"type": "PHONE"}, "persistent": true}, "duration": 6000000, "message": ["Survey delayed for 10 minutes", "Please click \"Start\" when you are ready", "Start", "Cancel"], "type": "MESSAGE", "id": "DELAY"}, "datasource": {"platform": {"type": "PHONE"}, "persistent": true}, "duration": 600000, "message": ["Survey", "Time to take a Survey", "OK", "Cancel", "Delay 10 Minutes"], "type": "MESSAGE", "id": "PHONE_MESSAGE_DELAY_EMA"}}'
1490148869951,-360,'{"status": "OK", "notificationRequest": {"repeat": 1, "name": "Phone Message (EMA)", "response_option": {"cancel": true, "delay": true, "ok": true}, "priority": 0, "response_action": {"repeat": 1, "name": "Phone Message (EMA)", "response_option": {"cancel": false, "delay": false, "ok": true}, "priority": 0, "datasource": {"platform": {"type": "PHONE"}, "persistent": true}, "duration": 6000000, "message": ["Survey delayed for 10 minutes", "Please click \"Start\" when you are ready", "Start", "Cancel"], "type": "MESSAGE", "id": "DELAY"}, "datasource": {"platform": {"type": "PHONE"}, "persistent": true}, "duration": 600000, "message": ["Survey", "Time to take a Survey", "OK", "Cancel", "Delay 10 Minutes"], "type": "MESSAGE", "id": "PHONE_MESSAGE_DELAY_EMA"}}'
1490154364664,-360,'{"status": "OK", "notificationRequest": {"repeat": 1, "name": "Phone Message (EMA)", "response_option": {"cancel": true, "delay": true, "ok": true}, "priority": 0, "response_action": {"repeat": 1, "name": "Phone Message (EMA)", "response_option": {"cancel": false, "delay": false, "ok": true}, "priority": 0, "datasource": {"platform": {"type": "PHONE"}, "persistent": true}, "duration": 6000000, "message": ["Survey delayed", "Please click \"Start\" when you are ready", "Start", "Cancel"], "type": "MESSAGE", "id": "DELAY"}, "datasource": {"platform": {"type": "PHONE"}, "persistent": true}, "duration": 600000, "message": ["Survey", "Time to take a Survey", "OK", "Cancel", "Delay"], "type": "MESSAGE", "id": "PHONE_MESSAGE_DELAY_EMA_15_30_60_120"}}'
1490198566461,-360,'{"status": "OK", "notificationRequest": {"repeat": 1, "name": "Start Day", "response_option": {"cancel": false, "delay": false, "ok": true}, "priority": 0, "datasource": {"platform": {"type": "PHONE"}, "persistent": true}, "duration": 3600000000, "message": ["Start Day", "Please start the Day", "Start"], "type": "MESSAGE", "id": "PHONE_MESSAGE_START_DAY"}}'
1490205587867,-360,'{"status": "TIMEOUT", "notificationRequest": {"repeat": 1, "name": "Phone Message (EMA)", "response_option": {"cancel": true, "delay": true, "ok": true}, "priority": 0, "response_action": {"repeat": 1, "name": "Phone Message (EMA)", "response_option": {"cancel": false, "delay": false, "ok": true}, "priority": 0, "datasource": {"platform": {"type": "PHONE"}, "persistent": true}, "duration": 6000000, "message": ["Survey delayed for 10 minutes", "Please click \"Start\" when you are ready", "Start", "Cancel"], "type": "MESSAGE", "id": "DELAY"}, "datasource": {"platform": {"type": "PHONE"}, "persistent": true}, "duration": 600000, "message": ["Survey", "Time to take a Survey", "OK", "Cancel", "Delay 10 Minutes"], "type": "MESSAGE", "id": "PHONE_MESSAGE_DELAY_EMA"}}'
1490219941790,-360,'{"status": "OK", "notificationRequest": {"repeat": 1, "name": "Phone Message (EMA)", "response_option": {"cancel": true, "delay": true, "ok": true}, "priority": 0, "response_action": {"repeat": 1, "name": "Phone Message (EMA)", "response_option": {"cancel": false, "delay": false, "ok": true}, "priority": 0, "datasource": {"platform": {"type": "PHONE"}, "persistent": true}, "duration": 6000000, "message": ["Survey delayed for 10 minutes", "Please click \"Start\" when you are ready", "Start", "Cancel"], "type": "MESSAGE", "id": "DELAY"}, "datasource": {"platform": {"type": "PHONE"}, "persistent": true}, "duration": 600000, "message": ["Survey", "Time to take a Survey", "OK", "Cancel", "Delay 10 Minutes"], "type": "MESSAGE", "id": "PHONE_MESSAGE_DELAY_EMA"}}'
1490222795212,-360,'{"status": "OK", "notificationRequest": {"repeat": 1, "name": "Phone Message (EMA)", "response_option": {"cancel": true, "delay": true, "ok": true}, "priority": 0, "response_action": {"repeat": 1, "name": "Phone Message (EMA)", "response_option": {"cancel": false, "delay": false, "ok": true}, "priority": 0, "datasource": {"platform": {"type": "PHONE"}, "persistent": true}, "duration": 6000000, "message": ["Survey delayed for 10 minutes", "Please click \"Start\" when you are ready", "Start", "Cancel"], "type": "MESSAGE", "id": "DELAY"}, "datasource": {"platform": {"type": "PHONE"}, "persistent": true}, "duration": 600000, "message": ["Survey", "Time to take a Survey", "OK", "Cancel", "Delay 10 Minutes"], "type": "MESSAGE", "id": "PHONE_MESSAGE_DELAY_EMA"}}'
1490230991408,-360,'{"status": "OK", "notificationRequest": {"repeat": 1, "name": "Phone Message (EMA)", "response_option": {"cancel": true, "delay": true, "ok": true}, "priority": 0, "response_action": {"repeat": 1, "name": "Phone Message (EMA)", "response_option": {"cancel": false, "delay": false, "ok": true}, "priority": 0, "datasource": {"platform": {"type": "PHONE"}, "persistent": true}, "duration": 6000000, "message": ["Survey delayed for 10 minutes", "Please click \"Start\" when you are ready", "Start", "Cancel"], "type": "MESSAGE", "id": "DELAY"}, "datasource": {"platform": {"type": "PHONE"}, "persistent": true}, "duration": 600000, "message": ["Survey", "Time to take a Survey", "OK", "Cancel", "Delay 10 Minutes"], "type": "MESSAGE", "id": "PHONE_MESSAGE_DELAY_EMA"}}'
1490241932023,-360,'{"status": "OK", "notificationRequest": {"repeat": 1, "name": "Phone Message (EMA)", "response_option": {"cancel": true, "delay": true, "ok": true}, "priority": 0, "response_action": {"repeat": 1, "name": "Phone Message (EMA)", "response_option": {"cancel": false, "delay": false, "ok": true}, "priority": 0, "datasource": {"platform": {"type": "PHONE"}, "persistent": true}, "duration": 6000000, "message": ["Survey delayed for 10 minutes", "Please click \"Start\" when you are ready", "Start", "Cancel"], "type": "MESSAGE", "id": "DELAY"}, "datasource": {"platform": {"type": "PHONE"}, "persistent": true}, "duration": 600000, "message": ["Survey", "Time to take a Survey", "OK", "Cancel", "Delay 10 Minutes"], "type": "MESSAGE", "id": "PHONE_MESSAGE_DELAY_EMA"}}'
1490278125471,-360,'{"status": "OK", "notificationRequest": {"repeat": 1, "name": "Start Day", "response_option": {"cancel": false, "delay": false, "ok": true}, "priority": 0, "datasource": {"platform": {"type": "PHONE"}, "persistent": true}, "duration": 3600000000, "message": ["Start Day", "Please start the Day", "Start"], "type": "MESSAGE", "id": "PHONE_MESSAGE_START_DAY"}}'
1490283886402,-360,'{"status": "TIMEOUT", "notificationRequest": {"repeat": 1, "name": "Phone Message (EMA)", "response_option": {"cancel": true, "delay": true, "ok": true}, "priority": 0, "response_action": {"repeat": 1, "name": "Phone Message (EMA)", "response_option": {"cancel": false, "delay": false, "ok": true}, "priority": 0, "datasource": {"platform": {"type": "PHONE"}, "persistent": true}, "duration": 6000000, "message": ["Survey delayed for 10 minutes", "Please click \"Start\" when you are ready", "Start", "Cancel"], "type": "MESSAGE", "id": "DELAY"}, "datasource": {"platform": {"type": "PHONE"}, "persistent": true}, "duration": 600000, "message": ["Survey", "Time to take a Survey", "OK", "Cancel", "Delay 10 Minutes"], "type": "MESSAGE", "id": "PHONE_MESSAGE_DELAY_EMA"}}'
1490299080420,-360,'{"status": "OK", "notificationRequest": {"repeat": 1, "name": "Phone Message (EMA)", "response_option": {"cancel": true, "delay": true, "ok": true}, "priority": 0, "response_action": {"repeat": 1, "name": "Phone Message (EMA)", "response_option": {"cancel": false, "delay": false, "ok": true}, "priority": 0, "datasource": {"platform": {"type": "PHONE"}, "persistent": true}, "duration": 6000000, "message": ["Survey delayed for 10 minutes", "Please click \"Start\" when you are ready", "Start", "Cancel"], "type": "MESSAGE", "id": "DELAY"}, "datasource": {"platform": {"type": "PHONE"}, "persistent": true}, "duration": 600000, "message": ["Survey", "Time to take a Survey", "OK", "Cancel", "Delay 10 Minutes"], "type": "MESSAGE", "id": "PHONE_MESSAGE_DELAY_EMA"}}'
1490312222413,-360,'{"status": "OK", "notificationRequest": {"repeat": 1, "name": "Phone Message (EMA)", "response_option": {"cancel": true, "delay": true, "ok": true}, "priority": 0, "response_action": {"repeat": 1, "name": "Phone Message (EMA)", "response_option": {"cancel": false, "delay": false, "ok": true}, "priority": 0, "datasource": {"platform": {"type": "PHONE"}, "persistent": true}, "duration": 6000000, "message": ["Survey delayed for 10 minutes", "Please click \"Start\" when you are ready", "Start", "Cancel"], "type": "MESSAGE", "id": "DELAY"}, "datasource": {"platform": {"type": "PHONE"}, "persistent": true}, "duration": 600000, "message": ["Survey", "Time to take a Survey", "OK", "Cancel", "Delay 10 Minutes"], "type": "MESSAGE", "id": "PHONE_MESSAGE_DELAY_EMA"}}'
1490320864674,-360,'{"status": "OK", "notificationRequest": {"repeat": 1, "name": "Phone Message (EMA)", "response_option": {"cancel": true, "delay": true, "ok": true}, "priority": 0, "response_action": {"repeat": 1, "name": "Phone Message (EMA)", "response_option": {"cancel": false, "delay": false, "ok": true}, "priority": 0, "datasource": {"platform": {"type": "PHONE"}, "persistent": true}, "duration": 6000000, "message": ["Survey delayed", "Please click \"Start\" when you are ready", "Start", "Cancel"], "type": "MESSAGE", "id": "DELAY"}, "datasource": {"platform": {"type": "PHONE"}, "persistent": true}, "duration": 600000, "message": ["Survey", "Time to take a Survey", "OK", "Cancel", "Delay"], "type": "MESSAGE", "id": "PHONE_MESSAGE_DELAY_EMA_15_30_60_120"}}'
1490373842361,-360,'{"status": "OK", "notificationRequest": {"repeat": 1, "name": "Start Day", "response_option": {"cancel": false, "delay": false, "ok": true}, "priority": 0, "datasource": {"platform": {"type": "PHONE"}, "persistent": true}, "duration": 3600000000, "message": ["Start Day", "Please start the Day", "Start"], "type": "MESSAGE", "id": "PHONE_MESSAGE_START_DAY"}}'
1490377219774,-360,'{"status": "OK", "notificationRequest": {"repeat": 1, "name": "Phone Message (EMA)", "response_option": {"cancel": true, "delay": true, "ok": true}, "priority": 0, "response_action": {"repeat": 1, "name": "Phone Message (EMA)", "response_option": {"cancel": false, "delay": false, "ok": true}, "priority": 0, "datasource": {"platform": {"type": "PHONE"}, "persistent": true}, "duration": 6000000, "message": ["Survey delayed for 10 minutes", "Please click \"Start\" when you are ready", "Start", "Cancel"], "type": "MESSAGE", "id": "DELAY"}, "datasource": {"platform": {"type": "PHONE"}, "persistent": true}, "duration": 600000, "message": ["Survey", "Time to take a Survey", "OK", "Cancel", "Delay 10 Minutes"], "type": "MESSAGE", "id": "PHONE_MESSAGE_DELAY_EMA"}}'
1490397004936,-360,'{"status": "TIMEOUT", "notificationRequest": {"repeat": 1, "name": "Phone Message (EMA)", "response_option": {"cancel": true, "delay": true, "ok": true}, "priority": 0, "response_action": {"repeat": 1, "name": "Phone Message (EMA)", "response_option": {"cancel": false, "delay": false, "ok": true}, "priority": 0, "datasource": {"platform": {"type": "PHONE"}, "persistent": true}, "duration": 6000000, "message": ["Survey delayed for 10 minutes", "Please click \"Start\" when you are ready", "Start", "Cancel"], "type": "MESSAGE", "id": "DELAY"}, "datasource": {"platform": {"type": "PHONE"}, "persistent": true}, "duration": 600000, "message": ["Survey", "Time to take a Survey", "OK", "Cancel", "Delay 10 Minutes"], "type": "MESSAGE", "id": "PHONE_MESSAGE_DELAY_EMA"}}'
1490402703771,-360,'{"status": "TIMEOUT", "notificationRequest": {"repeat": 1, "name": "Phone Message (MoodSurfing)", "response_option": {"cancel": true, "delay": false, "ok": true}, "priority": 0, "datasource": {"platform": {"type": "PHONE"}, "persistent": true}, "duration": 120000, "message": ["Mood Surfing", "Take a moment to surf your mood", "OK", "Cancel"], "type": "MESSAGE", "id": "PHONE_MESSAGE_MOODSURFING"}}'
1490405765222,-360,'{"status": "TIMEOUT", "notificationRequest": {"repeat": 1, "name": "Phone Message (EMA)", "response_option": {"cancel": true, "delay": true, "ok": true}, "priority": 0, "response_action": {"repeat": 1, "name": "Phone Message (EMA)", "response_option": {"cancel": false, "delay": false, "ok": true}, "priority": 0, "datasource": {"platform": {"type": "PHONE"}, "persistent": true}, "duration": 6000000, "message": ["Survey delayed for 10 minutes", "Please click \"Start\" when you are ready", "Start", "Cancel"], "type": "MESSAGE", "id": "DELAY"}, "datasource": {"platform": {"type": "PHONE"}, "persistent": true}, "duration": 600000, "message": ["Survey", "Time to take a Survey", "OK", "Cancel", "Delay 10 Minutes"], "type": "MESSAGE", "id": "PHONE_MESSAGE_DELAY_EMA"}}'
1490413975151,-360,'{"status": "OK", "notificationRequest": {"repeat": 1, "name": "Phone Message (EMA)", "response_option": {"cancel": true, "delay": true, "ok": true}, "priority": 0, "response_action": {"repeat": 1, "name": "Phone Message (EMA)", "response_option": {"cancel": false, "delay": false, "ok": true}, "priority": 0, "datasource": {"platform": {"type": "PHONE"}, "persistent": true}, "duration": 6000000, "message": ["Survey delayed", "Please click \"Start\" when you are ready", "Start", "Cancel"], "type": "MESSAGE", "id": "DELAY"}, "datasource": {"platform": {"type": "PHONE"}, "persistent": true}, "duration": 600000, "message": ["Survey", "Time to take a Survey", "OK", "Cancel", "Delay"], "type": "MESSAGE", "id": "PHONE_MESSAGE_DELAY_EMA_15_30_60_120"}}'
1490453255945,-360,'{"status": "OK", "notificationRequest": {"repeat": 1, "name": "Start Day", "response_option": {"cancel": false, "delay": false, "ok": true}, "priority": 0, "datasource": {"platform": {"type": "PHONE"}, "persistent": true}, "duration": 3600000000, "message": ["Start Day", "Please start the Day", "Start"], "type": "MESSAGE", "id": "PHONE_MESSAGE_START_DAY"}}'
1490463878085,-360,'{"status": "TIMEOUT", "notificationRequest": {"repeat": 1, "name": "Phone Message (EMA)", "response_option": {"cancel": true, "delay": true, "ok": true}, "priority": 0, "response_action": {"repeat": 1, "name": "Phone Message (EMA)", "response_option": {"cancel": false, "delay": false, "ok": true}, "priority": 0, "datasource": {"platform": {"type": "PHONE"}, "persistent": true}, "duration": 6000000, "message": ["Survey delayed for 10 minutes", "Please click \"Start\" when you are ready", "Start", "Cancel"], "type": "MESSAGE", "id": "DELAY"}, "datasource": {"platform": {"type": "PHONE"}, "persistent": true}, "duration": 600000, "message": ["Survey", "Time to take a Survey", "OK", "Cancel", "Delay 10 Minutes"], "type": "MESSAGE", "id": "PHONE_MESSAGE_DELAY_EMA"}}'
1490473778443,-360,'{"status": "TIMEOUT", "notificationRequest": {"repeat": 1, "name": "Phone Message (EMA)", "response_option": {"cancel": true, "delay": true, "ok": true}, "priority": 0, "response_action": {"repeat": 1, "name": "Phone Message (EMA)", "response_option": {"cancel": false, "delay": false, "ok": true}, "priority": 0, "datasource": {"platform": {"type": "PHONE"}, "persistent": true}, "duration": 6000000, "message": ["Survey delayed for 10 minutes", "Please click \"Start\" when you are ready", "Start", "Cancel"], "type": "MESSAGE", "id": "DELAY"}, "datasource": {"platform": {"type": "PHONE"}, "persistent": true}, "duration": 600000, "message": ["Survey", "Time to take a Survey", "OK", "Cancel", "Delay 10 Minutes"], "type": "MESSAGE", "id": "PHONE_MESSAGE_DELAY_EMA"}}'
1490484767766,-360,'{"status": "OK", "notificationRequest": {"repeat": 1, "name": "Phone Message (EMA)", "response_option": {"cancel": true, "delay": true, "ok": true}, "priority": 0, "response_action": {"repeat": 1, "name": "Phone Message (EMA)", "response_option": {"cancel": false, "delay": false, "ok": true}, "priority": 0, "datasource": {"platform": {"type": "PHONE"}, "persistent": true}, "duration": 6000000, "message": ["Survey delayed for 10 minutes", "Please click \"Start\" when you are ready", "Start", "Cancel"], "type": "MESSAGE", "id": "DELAY"}, "datasource": {"platform": {"type": "PHONE"}, "persistent": true}, "duration": 600000, "message": ["Survey", "Time to take a Survey", "OK", "Cancel", "Delay 10 Minutes"], "type": "MESSAGE", "id": "PHONE_MESSAGE_DELAY_EMA"}}'
1490493959645,-360,'{"status": "OK", "notificationRequest": {"repeat": 1, "name": "Phone Message (EMA)", "response_option": {"cancel": true, "delay": true, "ok": true}, "priority": 0, "response_action": {"repeat": 1, "name": "Phone Message (EMA)", "response_option": {"cancel": false, "delay": false, "ok": true}, "priority": 0, "datasource": {"platform": {"type": "PHONE"}, "persistent": true}, "duration": 6000000, "message": ["Survey delayed", "Please click \"Start\" when you are ready", "Start", "Cancel"], "type": "MESSAGE", "id": "DELAY"}, "datasource": {"platform": {"type": "PHONE"}, "persistent": true}, "duration": 600000, "message": ["Survey", "Time to take a Survey", "OK", "Cancel", "Delay"], "type": "MESSAGE", "id": "PHONE_MESSAGE_DELAY_EMA_15_30_60_120"}}'
1490538810608,-360,'{"status": "OK", "notificationRequest": {"repeat": 1, "name": "Start Day", "response_option": {"cancel": false, "delay": false, "ok": true}, "priority": 0, "datasource": {"platform": {"type": "PHONE"}, "persistent": true}, "duration": 3600000000, "message": ["Start Day", "Please start the Day", "Start"], "type": "MESSAGE", "id": "PHONE_MESSAGE_START_DAY"}}'
1490545891062,-360,'{"status": "TIMEOUT", "notificationRequest": {"repeat": 1, "name": "Phone Message (EMA)", "response_option": {"cancel": true, "delay": true, "ok": true}, "priority": 0, "response_action": {"repeat": 1, "name": "Phone Message (EMA)", "response_option": {"cancel": false, "delay": false, "ok": true}, "priority": 0, "datasource": {"platform": {"type": "PHONE"}, "persistent": true}, "duration": 6000000, "message": ["Survey delayed for 10 minutes", "Please click \"Start\" when you are ready", "Start", "Cancel"], "type": "MESSAGE", "id": "DELAY"}, "datasource": {"platform": {"type": "PHONE"}, "persistent": true}, "duration": 600000, "message": ["Survey", "Time to take a Survey", "OK", "Cancel", "Delay 10 Minutes"], "type": "MESSAGE", "id": "PHONE_MESSAGE_DELAY_EMA"}}'
1490558013407,-360,'{"status": "TIMEOUT", "notificationRequest": {"repeat": 1, "name": "Phone Message (EMA)", "response_option": {"cancel": true, "delay": true, "ok": true}, "priority": 0, "response_action": {"repeat": 1, "name": "Phone Message (EMA)", "response_option": {"cancel": false, "delay": false, "ok": true}, "priority": 0, "datasource": {"platform": {"type": "PHONE"}, "persistent": true}, "duration": 6000000, "message": ["Survey delayed for 10 minutes", "Please click \"Start\" when you are ready", "Start", "Cancel"], "type": "MESSAGE", "id": "DELAY"}, "datasource": {"platform": {"type": "PHONE"}, "persistent": true}, "duration": 600000, "message": ["Survey", "Time to take a Survey", "OK", "Cancel", "Delay 10 Minutes"], "type": "MESSAGE", "id": "PHONE_MESSAGE_DELAY_EMA"}}'
1490561044696,-360,'{"status": "TIMEOUT", "notificationRequest": {"repeat": 1, "name": "Phone Message (MoodSurfing)", "response_option": {"cancel": true, "delay": false, "ok": true}, "priority": 0, "datasource": {"platform": {"type": "PHONE"}, "persistent": true}, "duration": 120000, "message": ["Mood Surfing", "Take a moment to surf your mood", "OK", "Cancel"], "type": "MESSAGE", "id": "PHONE_MESSAGE_MOODSURFING"}}'
1490576083079,-360,'{"status": "OK", "notificationRequest": {"repeat": 1, "name": "Phone Message (EMA)", "response_option": {"cancel": true, "delay": true, "ok": true}, "priority": 0, "response_action": {"repeat": 1, "name": "Phone Message (EMA)", "response_option": {"cancel": false, "delay": false, "ok": true}, "priority": 0, "datasource": {"platform": {"type": "PHONE"}, "persistent": true}, "duration": 6000000, "message": ["Survey delayed for 10 minutes", "Please click \"Start\" when you are ready", "Start", "Cancel"], "type": "MESSAGE", "id": "DELAY"}, "datasource": {"platform": {"type": "PHONE"}, "persistent": true}, "duration": 600000, "message": ["Survey", "Time to take a Survey", "OK", "Cancel", "Delay 10 Minutes"], "type": "MESSAGE", "id": "PHONE_MESSAGE_DELAY_EMA"}}'
1490580125047,-360,'{"status": "OK", "notificationRequest": {"repeat": 1, "name": "Phone Message (EMA)", "response_option": {"cancel": true, "delay": true, "ok": true}, "priority": 0, "response_action": {"repeat": 1, "name": "Phone Message (EMA)", "response_option": {"cancel": false, "delay": false, "ok": true}, "priority": 0, "datasource": {"platform": {"type": "PHONE"}, "persistent": true}, "duration": 6000000, "message": ["Survey delayed", "Please click \"Start\" when you are ready", "Start", "Cancel"], "type": "MESSAGE", "id": "DELAY"}, "datasource": {"platform": {"type": "PHONE"}, "persistent": true}, "duration": 600000, "message": ["Survey", "Time to take a Survey", "OK", "Cancel", "Delay"], "type": "MESSAGE", "id": "PHONE_MESSAGE_DELAY_EMA_15_30_60_120"}}'
1490637498256,-360,'{"status": "OK", "notificationRequest": {"repeat": 1, "name": "Start Day", "response_option": {"cancel": false, "delay": false, "ok": true}, "priority": 0, "datasource": {"platform": {"type": "PHONE"}, "persistent": true}, "duration": 3600000000, "message": ["Start Day", "Please start the Day", "Start"], "type": "MESSAGE", "id": "PHONE_MESSAGE_START_DAY"}}'
1490646139473,-360,'{"status": "TIMEOUT", "notificationRequest": {"repeat": 1, "name": "Phone Message (EMA)", "response_option": {"cancel": true, "delay": true, "ok": true}, "priority": 0, "response_action": {"repeat": 1, "name": "Phone Message (EMA)", "response_option": {"cancel": false, "delay": false, "ok": true}, "priority": 0, "datasource": {"platform": {"type": "PHONE"}, "persistent": true}, "duration": 6000000, "message": ["Survey delayed for 10 minutes", "Please click \"Start\" when you are ready", "Start", "Cancel"], "type": "MESSAGE", "id": "DELAY"}, "datasource": {"platform": {"type": "PHONE"}, "persistent": true}, "duration": 600000, "message": ["Survey", "Time to take a Survey", "OK", "Cancel", "Delay 10 Minutes"], "type": "MESSAGE", "id": "PHONE_MESSAGE_DELAY_EMA"}}'
1490655630973,-360,'{"status": "OK", "notificationRequest": {"repeat": 1, "name": "Phone Message (EMA)", "response_option": {"cancel": true, "delay": true, "ok": true}, "priority": 0, "response_action": {"repeat": 1, "name": "Phone Message (EMA)", "response_option": {"cancel": false, "delay": false, "ok": true}, "priority": 0, "datasource": {"platform": {"type": "PHONE"}, "persistent": true}, "duration": 6000000, "message": ["Survey delayed for 10 minutes", "Please click \"Start\" when you are ready", "Start", "Cancel"], "type": "MESSAGE", "id": "DELAY"}, "datasource": {"platform": {"type": "PHONE"}, "persistent": true}, "duration": 600000, "message": ["Survey", "Time to take a Survey", "OK", "Cancel", "Delay 10 Minutes"], "type": "MESSAGE", "id": "PHONE_MESSAGE_DELAY_EMA"}}'
1490672318225,-360,'{"status": "OK", "notificationRequest": {"repeat": 1, "name": "Phone Message (EMA)", "response_option": {"cancel": true, "delay": true, "ok": true}, "priority": 0, "response_action": {"repeat": 1, "name": "Phone Message (EMA)", "response_option": {"cancel": false, "delay": false, "ok": true}, "priority": 0, "datasource": {"platform": {"type": "PHONE"}, "persistent": true}, "duration": 6000000, "message": ["Survey delayed for 10 minutes", "Please click \"Start\" when you are ready", "Start", "Cancel"], "type": "MESSAGE", "id": "DELAY"}, "datasource": {"platform": {"type": "PHONE"}, "persistent": true}, "duration": 600000, "message": ["Survey", "Time to take a Survey", "OK", "Cancel", "Delay 10 Minutes"], "type": "MESSAGE", "id": "PHONE_MESSAGE_DELAY_EMA"}}'
1490673615683,-360,'{"status": "OK", "notificationRequest": {"repeat": 1, "name": "Phone Message (EMA)", "response_option": {"cancel": true, "delay": true, "ok": true}, "priority": 0, "response_action": {"repeat": 1, "name": "Phone Message (EMA)", "response_option": {"cancel": false, "delay": false, "ok": true}, "priority": 0, "datasource": {"platform": {"type": "PHONE"}, "persistent": true}, "duration": 6000000, "message": ["Survey delayed", "Please click \"Start\" when you are ready", "Start", "Cancel"], "type": "MESSAGE", "id": "DELAY"}, "datasource": {"platform": {"type": "PHONE"}, "persistent": true}, "duration": 600000, "message": ["Survey", "Time to take a Survey", "OK", "Cancel", "Delay"], "type": "MESSAGE", "id": "PHONE_MESSAGE_DELAY_EMA_15_30_60_120"}}'
1490722578270,-360,'{"status": "OK", "notificationRequest": {"repeat": 1, "name": "Start Day", "response_option": {"cancel": false, "delay": false, "ok": true}, "priority": 0, "datasource": {"platform": {"type": "PHONE"}, "persistent": true}, "duration": 3600000000, "message": ["Start Day", "Please start the Day", "Start"], "type": "MESSAGE", "id": "PHONE_MESSAGE_START_DAY"}}'
1490728399544,-360,'{"status": "TIMEOUT", "notificationRequest": {"repeat": 1, "name": "Phone Message (EMA)", "response_option": {"cancel": true, "delay": true, "ok": true}, "priority": 0, "response_action": {"repeat": 1, "name": "Phone Message (EMA)", "response_option": {"cancel": false, "delay": false, "ok": true}, "priority": 0, "datasource": {"platform": {"type": "PHONE"}, "persistent": true}, "duration": 6000000, "message": ["Survey delayed for 10 minutes", "Please click \"Start\" when you are ready", "Start", "Cancel"], "type": "MESSAGE", "id": "DELAY"}, "datasource": {"platform": {"type": "PHONE"}, "persistent": true}, "duration": 600000, "message": ["Survey", "Time to take a Survey", "OK", "Cancel", "Delay 10 Minutes"], "type": "MESSAGE", "id": "PHONE_MESSAGE_DELAY_EMA"}}'
1490740171926,-360,'{"status": "OK", "notificationRequest": {"repeat": 1, "name": "Phone Message (EMA)", "response_option": {"cancel": true, "delay": true, "ok": true}, "priority": 0, "response_action": {"repeat": 1, "name": "Phone Message (EMA)", "response_option": {"cancel": false, "delay": false, "ok": true}, "priority": 0, "datasource": {"platform": {"type": "PHONE"}, "persistent": true}, "duration": 6000000, "message": ["Survey delayed for 10 minutes", "Please click \"Start\" when you are ready", "Start", "Cancel"], "type": "MESSAGE", "id": "DELAY"}, "datasource": {"platform": {"type": "PHONE"}, "persistent": true}, "duration": 600000, "message": ["Survey", "Time to take a Survey", "OK", "Cancel", "Delay 10 Minutes"], "type": "MESSAGE", "id": "PHONE_MESSAGE_DELAY_EMA"}}'
1490753102339,-360,'{"status": "TIMEOUT", "notificationRequest": {"repeat": 1, "name": "Phone Message (MoodSurfing)", "response_option": {"cancel": true, "delay": false, "ok": true}, "priority": 0, "datasource": {"platform": {"type": "PHONE"}, "persistent": true}, "duration": 120000, "message": ["Mood Surfing", "Take a moment to surf your mood", "OK", "Cancel"], "type": "MESSAGE", "id": "PHONE_MESSAGE_MOODSURFING"}}'
1490755231807,-360,'{"status": "OK", "notificationRequest": {"repeat": 1, "name": "Phone Message (EMA)", "response_option": {"cancel": true, "delay": true, "ok": true}, "priority": 0, "response_action": {"repeat": 1, "name": "Phone Message (EMA)", "response_option": {"cancel": false, "delay": false, "ok": true}, "priority": 0, "datasource": {"platform": {"type": "PHONE"}, "persistent": true}, "duration": 6000000, "message": ["Survey delayed for 10 minutes", "Please click \"Start\" when you are ready", "Start", "Cancel"], "type": "MESSAGE", "id": "DELAY"}, "datasource": {"platform": {"type": "PHONE"}, "persistent": true}, "duration": 600000, "message": ["Survey", "Time to take a Survey", "OK", "Cancel", "Delay 10 Minutes"], "type": "MESSAGE", "id": "PHONE_MESSAGE_DELAY_EMA"}}'
1490760841224,-360,'{"status": "TIMEOUT", "notificationRequest": {"repeat": 1, "name": "Phone Message (EMA)", "response_option": {"cancel": true, "delay": true, "ok": true}, "priority": 0, "response_action": {"repeat": 1, "name": "Phone Message (EMA)", "response_option": {"cancel": false, "delay": false, "ok": true}, "priority": 0, "datasource": {"platform": {"type": "PHONE"}, "persistent": true}, "duration": 6000000, "message": ["Survey delayed", "Please click \"Start\" when you are ready", "Start", "Cancel"], "type": "MESSAGE", "id": "DELAY"}, "datasource": {"platform": {"type": "PHONE"}, "persistent": true}, "duration": 600000, "message": ["Survey", "Time to take a Survey", "OK", "Cancel", "Delay"], "type": "MESSAGE", "id": "PHONE_MESSAGE_DELAY_EMA_15_30_60_120"}}'
1490816484687,-360,'{"status": "OK", "notificationRequest": {"repeat": 1, "name": "Start Day", "response_option": {"cancel": false, "delay": false, "ok": true}, "priority": 0, "datasource": {"platform": {"type": "PHONE"}, "persistent": true}, "duration": 3600000000, "message": ["Start Day", "Please start the Day", "Start"], "type": "MESSAGE", "id": "PHONE_MESSAGE_START_DAY"}}'
1490820158853,-360,'{"status": "OK", "notificationRequest": {"repeat": 1, "name": "Phone Message (EMA)", "response_option": {"cancel": true, "delay": true, "ok": true}, "priority": 0, "response_action": {"repeat": 1, "name": "Phone Message (EMA)", "response_option": {"cancel": false, "delay": false, "ok": true}, "priority": 0, "datasource": {"platform": {"type": "PHONE"}, "persistent": true}, "duration": 6000000, "message": ["Survey delayed for 10 minutes", "Please click \"Start\" when you are ready", "Start", "Cancel"], "type": "MESSAGE", "id": "DELAY"}, "datasource": {"platform": {"type": "PHONE"}, "persistent": true}, "duration": 600000, "message": ["Survey", "Time to take a Survey", "OK", "Cancel", "Delay 10 Minutes"], "type": "MESSAGE", "id": "PHONE_MESSAGE_DELAY_EMA"}}'
1490839765815,-360,'{"status": "TIMEOUT", "notificationRequest": {"repeat": 1, "name": "Phone Message (EMA)", "response_option": {"cancel": true, "delay": true, "ok": true}, "priority": 0, "response_action": {"repeat": 1, "name": "Phone Message (EMA)", "response_option": {"cancel": false, "delay": false, "ok": true}, "priority": 0, "datasource": {"platform": {"type": "PHONE"}, "persistent": true}, "duration": 6000000, "message": ["Survey delayed for 10 minutes", "Please click \"Start\" when you are ready", "Start", "Cancel"], "type": "MESSAGE", "id": "DELAY"}, "datasource": {"platform": {"type": "PHONE"}, "persistent": true}, "duration": 600000, "message": ["Survey", "Time to take a Survey", "OK", "Cancel", "Delay 10 Minutes"], "type": "MESSAGE", "id": "PHONE_MESSAGE_DELAY_EMA"}}'
1490846418565,-360,'{"status": "OK", "notificationRequest": {"repeat": 1, "name": "Phone Message (EMA)", "response_option": {"cancel": true, "delay": true, "ok": true}, "priority": 0, "response_action": {"repeat": 1, "name": "Phone Message (EMA)", "response_option": {"cancel": false, "delay": false, "ok": true}, "priority": 0, "datasource": {"platform": {"type": "PHONE"}, "persistent": true}, "duration": 6000000, "message": ["Survey delayed", "Please click \"Start\" when you are ready", "Start", "Cancel"], "type": "MESSAGE", "id": "DELAY"}, "datasource": {"platform": {"type": "PHONE"}, "persistent": true}, "duration": 600000, "message": ["Survey", "Time to take a Survey", "OK", "Cancel", "Delay"], "type": "MESSAGE", "id": "PHONE_MESSAGE_DELAY_EMA_15_30_60_120"}}'
1490888254020,-360,'{"status": "TIMEOUT", "notificationRequest": {"repeat": 1, "name": "Phone Message (EMA)", "response_option": {"cancel": true, "delay": true, "ok": true}, "priority": 0, "response_action": {"repeat": 1, "name": "Phone Message (EMA)", "response_option": {"cancel": false, "delay": false, "ok": true}, "priority": 0, "datasource": {"platform": {"type": "PHONE"}, "persistent": true}, "duration": 6000000, "message": ["Survey delayed for 10 minutes", "Please click \"Start\" when you are ready", "Start", "Cancel"], "type": "MESSAGE", "id": "DELAY"}, "datasource": {"platform": {"type": "PHONE"}, "persistent": true}, "duration": 600000, "message": ["Survey", "Time to take a Survey", "OK", "Cancel", "Delay 10 Minutes"], "type": "MESSAGE", "id": "PHONE_MESSAGE_DELAY_EMA"}}'
1490903133972,-360,'{"status": "TIMEOUT", "notificationRequest": {"repeat": 1, "name": "Phone Message (EMA)", "response_option": {"cancel": true, "delay": true, "ok": true}, "priority": 0, "response_action": {"repeat": 1, "name": "Phone Message (EMA)", "response_option": {"cancel": false, "delay": false, "ok": true}, "priority": 0, "datasource": {"platform": {"type": "PHONE"}, "persistent": true}, "duration": 6000000, "message": ["Survey delayed for 10 minutes", "Please click \"Start\" when you are ready", "Start", "Cancel"], "type": "MESSAGE", "id": "DELAY"}, "datasource": {"platform": {"type": "PHONE"}, "persistent": true}, "duration": 600000, "message": ["Survey", "Time to take a Survey", "OK", "Cancel", "Delay 10 Minutes"], "type": "MESSAGE", "id": "PHONE_MESSAGE_DELAY_EMA"}}'
1490917176723,-360,'{"status": "TIMEOUT", "notificationRequest": {"repeat": 1, "name": "Phone Message (EMA)", "response_option": {"cancel": true, "delay": true, "ok": true}, "priority": 0, "response_action": {"repeat": 1, "name": "Phone Message (EMA)", "response_option": {"cancel": false, "delay": false, "ok": true}, "priority": 0, "datasource": {"platform": {"type": "PHONE"}, "persistent": true}, "duration": 6000000, "message": ["Survey delayed for 10 minutes", "Please click \"Start\" when you are ready", "Start", "Cancel"], "type": "MESSAGE", "id": "DELAY"}, "datasource": {"platform": {"type": "PHONE"}, "persistent": true}, "duration": 600000, "message": ["Survey", "Time to take a Survey", "OK", "Cancel", "Delay 10 Minutes"], "type": "MESSAGE", "id": "PHONE_MESSAGE_DELAY_EMA"}}'
1490922783146,-360,'{"status": "TIMEOUT", "notificationRequest": {"repeat": 1, "name": "Phone Message (ThoughtShakeup)", "response_option": {"cancel": true, "delay": false, "ok": true}, "priority": 0, "datasource": {"platform": {"type": "PHONE"}, "persistent": true}, "duration": 120000, "message": ["Thought Shakeup", "Take a moment to shake up your thoughts", "OK", "Cancel"], "type": "MESSAGE", "id": "PHONE_MESSAGE_THOUGHTSHAKEUP"}}'
1490924595228,-360,'{"status": "OK", "notificationRequest": {"repeat": 1, "name": "Phone Message (EMA)", "response_option": {"cancel": true, "delay": true, "ok": true}, "priority": 0, "response_action": {"repeat": 1, "name": "Phone Message (EMA)", "response_option": {"cancel": false, "delay": false, "ok": true}, "priority": 0, "datasource": {"platform": {"type": "PHONE"}, "persistent": true}, "duration": 6000000, "message": ["Survey delayed for 10 minutes", "Please click \"Start\" when you are ready", "Start", "Cancel"], "type": "MESSAGE", "id": "DELAY"}, "datasource": {"platform": {"type": "PHONE"}, "persistent": true}, "duration": 600000, "message": ["Survey", "Time to take a Survey", "OK", "Cancel", "Delay 10 Minutes"], "type": "MESSAGE", "id": "PHONE_MESSAGE_DELAY_EMA"}}'
1490929963621,-360,'{"status": "OK", "notificationRequest": {"repeat": 1, "name": "Phone Message (EMA)", "response_option": {"cancel": true, "delay": true, "ok": true}, "priority": 0, "response_action": {"repeat": 1, "name": "Phone Message (EMA)", "response_option": {"cancel": false, "delay": false, "ok": true}, "priority": 0, "datasource": {"platform": {"type": "PHONE"}, "persistent": true}, "duration": 6000000, "message": ["Survey delayed", "Please click \"Start\" when you are ready", "Start", "Cancel"], "type": "MESSAGE", "id": "DELAY"}, "datasource": {"platform": {"type": "PHONE"}, "persistent": true}, "duration": 600000, "message": ["Survey", "Time to take a Survey", "OK", "Cancel", "Delay"], "type": "MESSAGE", "id": "PHONE_MESSAGE_DELAY_EMA_15_30_60_120"}}'
1490983095120,-360,'{"status": "OK", "notificationRequest": {"repeat": 1, "name": "Start Day", "response_option": {"cancel": false, "delay": false, "ok": true}, "priority": 0, "datasource": {"platform": {"type": "PHONE"}, "persistent": true}, "duration": 3600000000, "message": ["Start Day", "Please start the Day", "Start"], "type": "MESSAGE", "id": "PHONE_MESSAGE_START_DAY"}}'
1490986934775,-360,'{"status": "TIMEOUT", "notificationRequest": {"repeat": 1, "name": "Phone Message (EMA)", "response_option": {"cancel": true, "delay": true, "ok": true}, "priority": 0, "response_action": {"repeat": 1, "name": "Phone Message (EMA)", "response_option": {"cancel": false, "delay": false, "ok": true}, "priority": 0, "datasource": {"platform": {"type": "PHONE"}, "persistent": true}, "duration": 6000000, "message": ["Survey delayed for 10 minutes", "Please click \"Start\" when you are ready", "Start", "Cancel"], "type": "MESSAGE", "id": "DELAY"}, "datasource": {"platform": {"type": "PHONE"}, "persistent": true}, "duration": 600000, "message": ["Survey", "Time to take a Survey", "OK", "Cancel", "Delay 10 Minutes"], "type": "MESSAGE", "id": "PHONE_MESSAGE_DELAY_EMA"}}'
1490993823324,-360,'{"status": "TIMEOUT", "notificationRequest": {"repeat": 1, "name": "Phone Message (HeadSpace)", "response_option": {"cancel": true, "delay": false, "ok": true}, "priority": 0, "datasource": {"platform": {"type": "PHONE"}, "persistent": true}, "duration": 120000, "message": ["HeadSpace", "Take a moment to make some head space", "OK", "Cancel"], "type": "MESSAGE", "id": "PHONE_MESSAGE_HEADSPACE"}}'
1491002417043,-360,'{"status": "TIMEOUT", "notificationRequest": {"repeat": 1, "name": "Phone Message (EMA)", "response_option": {"cancel": true, "delay": true, "ok": true}, "priority": 0, "response_action": {"repeat": 1, "name": "Phone Message (EMA)", "response_option": {"cancel": false, "delay": false, "ok": true}, "priority": 0, "datasource": {"platform": {"type": "PHONE"}, "persistent": true}, "duration": 6000000, "message": ["Survey delayed for 10 minutes", "Please click \"Start\" when you are ready", "Start", "Cancel"], "type": "MESSAGE", "id": "DELAY"}, "datasource": {"platform": {"type": "PHONE"}, "persistent": true}, "duration": 600000, "message": ["Survey", "Time to take a Survey", "OK", "Cancel", "Delay 10 Minutes"], "type": "MESSAGE", "id": "PHONE_MESSAGE_DELAY_EMA"}}'
1491011983502,-360,'{"status": "OK", "notificationRequest": {"repeat": 1, "name": "Phone Message (EMA)", "response_option": {"cancel": true, "delay": true, "ok": true}, "priority": 0, "response_action": {"repeat": 1, "name": "Phone Message (EMA)", "response_option": {"cancel": false, "delay": false, "ok": true}, "priority": 0, "datasource": {"platform": {"type": "PHONE"}, "persistent": true}, "duration": 6000000, "message": ["Survey delayed for 10 minutes", "Please click \"Start\" when you are ready", "Start", "Cancel"], "type": "MESSAGE", "id": "DELAY"}, "datasource": {"platform": {"type": "PHONE"}, "persistent": true}, "duration": 600000, "message": ["Survey", "Time to take a Survey", "OK", "Cancel", "Delay 10 Minutes"], "type": "MESSAGE", "id": "PHONE_MESSAGE_DELAY_EMA"}}'
1491013861125,-360,'{"status": "OK", "notificationRequest": {"repeat": 1, "name": "Phone Message (EMA)", "response_option": {"cancel": true, "delay": true, "ok": true}, "priority": 0, "response_action": {"repeat": 1, "name": "Phone Message (EMA)", "response_option": {"cancel": false, "delay": false, "ok": true}, "priority": 0, "datasource": {"platform": {"type": "PHONE"}, "persistent": true}, "duration": 6000000, "message": ["Survey delayed for 10 minutes", "Please click \"Start\" when you are ready", "Start", "Cancel"], "type": "MESSAGE", "id": "DELAY"}, "datasource": {"platform": {"type": "PHONE"}, "persistent": true}, "duration": 600000, "message": ["Survey", "Time to take a Survey", "OK", "Cancel", "Delay 10 Minutes"], "type": "MESSAGE", "id": "PHONE_MESSAGE_DELAY_EMA"}}'
1491013894402,-360,'{"status": "OK", "notificationRequest": {"repeat": 1, "name": "Phone Message (EMA)", "response_option": {"cancel": true, "delay": true, "ok": true}, "priority": 0, "response_action": {"repeat": 1, "name": "Phone Message (EMA)", "response_option": {"cancel": false, "delay": false, "ok": true}, "priority": 0, "datasource": {"platform": {"type": "PHONE"}, "persistent": true}, "duration": 6000000, "message": ["Survey delayed", "Please click \"Start\" when you are ready", "Start", "Cancel"], "type": "MESSAGE", "id": "DELAY"}, "datasource": {"platform": {"type": "PHONE"}, "persistent": true}, "duration": 600000, "message": ["Survey", "Time to take a Survey", "OK", "Cancel", "Delay"], "type": "MESSAGE", "id": "PHONE_MESSAGE_DELAY_EMA_15_30_60_120"}}'
1491057014404,-360,'{"status": "OK", "notificationRequest": {"repeat": 1, "name": "Start Day", "response_option": {"cancel": false, "delay": false, "ok": true}, "priority": 0, "datasource": {"platform": {"type": "PHONE"}, "persistent": true}, "duration": 3600000000, "message": ["Start Day", "Please start the Day", "Start"], "type": "MESSAGE", "id": "PHONE_MESSAGE_START_DAY"}}'
1491068295491,-360,'{"status": "TIMEOUT", "notificationRequest": {"repeat": 1, "name": "Phone Message (EMA)", "response_option": {"cancel": true, "delay": true, "ok": true}, "priority": 0, "response_action": {"repeat": 1, "name": "Phone Message (EMA)", "response_option": {"cancel": false, "delay": false, "ok": true}, "priority": 0, "datasource": {"platform": {"type": "PHONE"}, "persistent": true}, "duration": 6000000, "message": ["Survey delayed for 10 minutes", "Please click \"Start\" when you are ready", "Start", "Cancel"], "type": "MESSAGE", "id": "DELAY"}, "datasource": {"platform": {"type": "PHONE"}, "persistent": true}, "duration": 600000, "message": ["Survey", "Time to take a Survey", "OK", "Cancel", "Delay 10 Minutes"], "type": "MESSAGE", "id": "PHONE_MESSAGE_DELAY_EMA"}}'
1491076395305,-360,'{"status": "TIMEOUT", "notificationRequest": {"repeat": 1, "name": "Phone Message (EMA)", "response_option": {"cancel": true, "delay": true, "ok": true}, "priority": 0, "response_action": {"repeat": 1, "name": "Phone Message (EMA)", "response_option": {"cancel": false, "delay": false, "ok": true}, "priority": 0, "datasource": {"platform": {"type": "PHONE"}, "persistent": true}, "duration": 6000000, "message": ["Survey delayed for 10 minutes", "Please click \"Start\" when you are ready", "Start", "Cancel"], "type": "MESSAGE", "id": "DELAY"}, "datasource": {"platform": {"type": "PHONE"}, "persistent": true}, "duration": 600000, "message": ["Survey", "Time to take a Survey", "OK", "Cancel", "Delay 10 Minutes"], "type": "MESSAGE", "id": "PHONE_MESSAGE_DELAY_EMA"}}'
1491094335286,-360,'{"status": "TIMEOUT", "notificationRequest": {"repeat": 1, "name": "Phone Message (EMA)", "response_option": {"cancel": true, "delay": true, "ok": true}, "priority": 0, "response_action": {"repeat": 1, "name": "Phone Message (EMA)", "response_option": {"cancel": false, "delay": false, "ok": true}, "priority": 0, "datasource": {"platform": {"type": "PHONE"}, "persistent": true}, "duration": 6000000, "message": ["Survey delayed for 10 minutes", "Please click \"Start\" when you are ready", "Start", "Cancel"], "type": "MESSAGE", "id": "DELAY"}, "datasource": {"platform": {"type": "PHONE"}, "persistent": true}, "duration": 600000, "message": ["Survey", "Time to take a Survey", "OK", "Cancel", "Delay 10 Minutes"], "type": "MESSAGE", "id": "PHONE_MESSAGE_DELAY_EMA"}}'
1491105163586,-360,'{"status": "OK", "notificationRequest": {"repeat": 1, "name": "Phone Message (EMA)", "response_option": {"cancel": true, "delay": true, "ok": true}, "priority": 0, "response_action": {"repeat": 1, "name": "Phone Message (EMA)", "response_option": {"cancel": false, "delay": false, "ok": true}, "priority": 0, "datasource": {"platform": {"type": "PHONE"}, "persistent": true}, "duration": 6000000, "message": ["Survey delayed", "Please click \"Start\" when you are ready", "Start", "Cancel"], "type": "MESSAGE", "id": "DELAY"}, "datasource": {"platform": {"type": "PHONE"}, "persistent": true}, "duration": 600000, "message": ["Survey", "Time to take a Survey", "OK", "Cancel", "Delay"], "type": "MESSAGE", "id": "PHONE_MESSAGE_DELAY_EMA_15_30_60_120"}}'
1491144876410,-360,'{"status": "OK", "notificationRequest": {"repeat": 1, "name": "Start Day", "response_option": {"cancel": false, "delay": false, "ok": true}, "priority": 0, "datasource": {"platform": {"type": "PHONE"}, "persistent": true}, "duration": 3600000000, "message": ["Start Day", "Please start the Day", "Start"], "type": "MESSAGE", "id": "PHONE_MESSAGE_START_DAY"}}'
1491147931889,-360,'{"status": "OK", "notificationRequest": {"repeat": 1, "name": "Phone Message (EMA)", "response_option": {"cancel": true, "delay": true, "ok": true}, "priority": 0, "response_action": {"repeat": 1, "name": "Phone Message (EMA)", "response_option": {"cancel": false, "delay": false, "ok": true}, "priority": 0, "datasource": {"platform": {"type": "PHONE"}, "persistent": true}, "duration": 6000000, "message": ["Survey delayed for 10 minutes", "Please click \"Start\" when you are ready", "Start", "Cancel"], "type": "MESSAGE", "id": "DELAY"}, "datasource": {"platform": {"type": "PHONE"}, "persistent": true}, "duration": 600000, "message": ["Survey", "Time to take a Survey", "OK", "Cancel", "Delay 10 Minutes"], "type": "MESSAGE", "id": "PHONE_MESSAGE_DELAY_EMA"}}'
1491149378320,-360,'{"status": "TIMEOUT", "notificationRequest": {"repeat": 1, "name": "Phone Message (EMA)", "response_option": {"cancel": true, "delay": true, "ok": true}, "priority": 0, "response_action": {"repeat": 1, "name": "Phone Message (EMA)", "response_option": {"cancel": false, "delay": false, "ok": true}, "priority": 0, "datasource": {"platform": {"type": "PHONE"}, "persistent": true}, "duration": 6000000, "message": ["Survey delayed for 10 minutes", "Please click \"Start\" when you are ready", "Start", "Cancel"], "type": "MESSAGE", "id": "DELAY"}, "datasource": {"platform": {"type": "PHONE"}, "persistent": true}, "duration": 600000, "message": ["Survey", "Time to take a Survey", "OK", "Cancel", "Delay 10 Minutes"], "type": "MESSAGE", "id": "PHONE_MESSAGE_DELAY_EMA"}}'
1491159962621,-360,'{"status": "OK", "notificationRequest": {"repeat": 1, "name": "Phone Message (EMA)", "response_option": {"cancel": true, "delay": true, "ok": true}, "priority": 0, "response_action": {"repeat": 1, "name": "Phone Message (EMA)", "response_option": {"cancel": false, "delay": false, "ok": true}, "priority": 0, "datasource": {"platform": {"type": "PHONE"}, "persistent": true}, "duration": 6000000, "message": ["Survey delayed for 10 minutes", "Please click \"Start\" when you are ready", "Start", "Cancel"], "type": "MESSAGE", "id": "DELAY"}, "datasource": {"platform": {"type": "PHONE"}, "persistent": true}, "duration": 600000, "message": ["Survey", "Time to take a Survey", "OK", "Cancel", "Delay 10 Minutes"], "type": "MESSAGE", "id": "PHONE_MESSAGE_DELAY_EMA"}}'
1491165639615,-360,'{"status": "TIMEOUT", "notificationRequest": {"repeat": 1, "name": "Phone Message (EMA)", "response_option": {"cancel": true, "delay": true, "ok": true}, "priority": 0, "response_action": {"repeat": 1, "name": "Phone Message (EMA)", "response_option": {"cancel": false, "delay": false, "ok": true}, "priority": 0, "datasource": {"platform": {"type": "PHONE"}, "persistent": true}, "duration": 6000000, "message": ["Survey delayed for 10 minutes", "Please click \"Start\" when you are ready", "Start", "Cancel"], "type": "MESSAGE", "id": "DELAY"}, "datasource": {"platform": {"type": "PHONE"}, "persistent": true}, "duration": 600000, "message": ["Survey", "Time to take a Survey", "OK", "Cancel", "Delay 10 Minutes"], "type": "MESSAGE", "id": "PHONE_MESSAGE_DELAY_EMA"}}'
1491180292611,-360,'{"status": "OK", "notificationRequest": {"repeat": 1, "name": "Phone Message (EMA)", "response_option": {"cancel": true, "delay": true, "ok": true}, "priority": 0, "response_action": {"repeat": 1, "name": "Phone Message (EMA)", "response_option": {"cancel": false, "delay": false, "ok": true}, "priority": 0, "datasource": {"platform": {"type": "PHONE"}, "persistent": true}, "duration": 6000000, "message": ["Survey delayed for 10 minutes", "Please click \"Start\" when you are ready", "Start", "Cancel"], "type": "MESSAGE", "id": "DELAY"}, "datasource": {"platform": {"type": "PHONE"}, "persistent": true}, "duration": 600000, "message": ["Survey", "Time to take a Survey", "OK", "Cancel", "Delay 10 Minutes"], "type": "MESSAGE", "id": "PHONE_MESSAGE_DELAY_EMA"}}'
1491186198308,-360,'{"status": "OK", "notificationRequest": {"repeat": 1, "name": "Phone Message (EMA)", "response_option": {"cancel": true, "delay": true, "ok": true}, "priority": 0, "response_action": {"repeat": 1, "name": "Phone Message (EMA)", "response_option": {"cancel": false, "delay": false, "ok": true}, "priority": 0, "datasource": {"platform": {"type": "PHONE"}, "persistent": true}, "duration": 6000000, "message": ["Survey delayed for 10 minutes", "Please click \"Start\" when you are ready", "Start", "Cancel"], "type": "MESSAGE", "id": "DELAY"}, "datasource": {"platform": {"type": "PHONE"}, "persistent": true}, "duration": 600000, "message": ["Survey", "Time to take a Survey", "OK", "Cancel", "Delay 10 Minutes"], "type": "MESSAGE", "id": "PHONE_MESSAGE_DELAY_EMA"}}'
1491186985073,-360,'{"status": "OK", "notificationRequest": {"repeat": 1, "name": "Phone Message (EMA)", "response_option": {"cancel": true, "delay": true, "ok": true}, "priority": 0, "response_action": {"repeat": 1, "name": "Phone Message (EMA)", "response_option": {"cancel": false, "delay": false, "ok": true}, "priority": 0, "datasource": {"platform": {"type": "PHONE"}, "persistent": true}, "duration": 6000000, "message": ["Survey delayed", "Please click \"Start\" when you are ready", "Start", "Cancel"], "type": "MESSAGE", "id": "DELAY"}, "datasource": {"platform": {"type": "PHONE"}, "persistent": true}, "duration": 600000, "message": ["Survey", "Time to take a Survey", "OK", "Cancel", "Delay"], "type": "MESSAGE", "id": "PHONE_MESSAGE_DELAY_EMA_15_30_60_120"}}'
1491239955471,-360,'{"status": "OK", "notificationRequest": {"repeat": 1, "name": "Start Day", "response_option": {"cancel": false, "delay": false, "ok": true}, "priority": 0, "datasource": {"platform": {"type": "PHONE"}, "persistent": true}, "duration": 3600000000, "message": ["Start Day", "Please start the Day", "Start"], "type": "MESSAGE", "id": "PHONE_MESSAGE_START_DAY"}}'
1491244696659,-360,'{"status": "TIMEOUT", "notificationRequest": {"repeat": 1, "name": "Phone Message (EMA)", "response_option": {"cancel": true, "delay": true, "ok": true}, "priority": 0, "response_action": {"repeat": 1, "name": "Phone Message (EMA)", "response_option": {"cancel": false, "delay": false, "ok": true}, "priority": 0, "datasource": {"platform": {"type": "PHONE"}, "persistent": true}, "duration": 6000000, "message": ["Survey delayed for 10 minutes", "Please click \"Start\" when you are ready", "Start", "Cancel"], "type": "MESSAGE", "id": "DELAY"}, "datasource": {"platform": {"type": "PHONE"}, "persistent": true}, "duration": 600000, "message": ["Survey", "Time to take a Survey", "OK", "Cancel", "Delay 10 Minutes"], "type": "MESSAGE", "id": "PHONE_MESSAGE_DELAY_EMA"}}'
